touch,9e2db53e-d94c-427b-8c45-6f5fed0847bf,1772986274204000000,down,down,0,484.0,1067.0,1.0,0.019607844,5.0,5.0,484.0,1067.0
touch,9e2db53e-d94c-427b-8c45-6f5fed0847bf,1772986274212000000,down,pointer_down,1,579.0,889.0,1.0,0.019607844,5.0,5.0,579.0,889.0
touch,9e2db53e-d94c-427b-8c45-6f5fed0847bf,1772986274232000000,down,pointer_down,2,964.0,357.0,1.0,0.019607844,5.0,5.0,964.0,357.0
touch,9e2db53e-d94c-427b-8c45-6f5fed0847bf,1772986274256000000,other,cancel,0,484.0,1067.0,1.0,0.019607844,5.0,5.0,484.0,1067.0
touch,9e2db53e-d94c-427b-8c45-6f5fed0847bf,1772986274872000000,down,down,2,1034.0,313.0,1.0,0.019607844,5.0,5.0,1034.0,313.0
touch,9e2db53e-d94c-427b-8c45-6f5fed0847bf,1772986274888000000,move,move,2,1034.0,313.0,1.0,0.019607844,5.0,5.0,1034.0,313.0
touch,9e2db53e-d94c-427b-8c45-6f5fed0847bf,1772986274905000000,move,move,2,1034.0,313.0,1.0,0.019607844,5.0,5.0,1034.0,313.0
touch,9e2db53e-d94c-427b-8c45-6f5fed0847bf,1772986274922000000,move,move,2,1034.0,313.0,1.0,0.019607844,5.0,5.0,1034.0,313.0
touch,9e2db53e-d94c-427b-8c45-6f5fed0847bf,1772986274939000000,move,move,2,1034.0,313.0,1.0,0.019607844,5.0,5.0,1034.0,313.0
touch,9e2db53e-d94c-427b-8c45-6f5fed0847bf,1772986274955000000,move,move,2,1034.0,313.0,1.0,0.019607844,5.0,5.0,1034.0,313.0
touch,9e2db53e-d94c-427b-8c45-6f5fed0847bf,1772986274972000000,move,move,2,1034.0,313.0,1.0,0.019607844,5.0,5.0,1034.0,313.0
touch,9e2db53e-d94c-427b-8c45-6f5fed0847bf,1772986274988000000,move,move,2,1034.0,313.0,1.0,0.019607844,5.0,5.0,1034.0,313.0
touch,9e2db53e-d94c-427b-8c45-6f5fed0847bf,1772986275005000000,move,move,2,1034.0,313.0,1.0,0.019607844,5.0,5.0,1034.0,313.0
touch,9e2db53e-d94c-427b-8c45-6f5fed0847bf,1772986275022000000,move,move,2,1034.0,313.0,1.0,0.019607844,5.0,5.0,1034.0,313.0
touch,9e2db53e-d94c-427b-8c45-6f5fed0847bf,1772986275038000000,move,move,2,1034.0,313.0,1.0,0.019607844,5.0,5.0,1034.0,313.0
touch,9e2db53e-d94c-427b-8c45-6f5fed0847bf,1772986275055000000,move,move,2,1034.0,313.0,1.0,0.019607844,5.0,5.0,1034.0,313.0
touch,9e2db53e-d94c-427b-8c45-6f5fed0847bf,1772986275072000000,move,move,2,1038.9711,311.6058,1.0,0.019607844,5.0,5.0,1038.9711,311.6058
touch,9e2db53e-d94c-427b-8c45-6f5fed0847bf,1772986275088000000,move,move,2,1048.3995,308.4402,1.0,0.019607844,5.0,5.0,1048.3995,308.4402
touch,9e2db53e-d94c-427b-8c45-6f5fed0847bf,1772986275105000000,move,move,2,1081.0564,298.8169,1.0,0.019607844,5.0,5.0,1081.0564,298.8169
touch,9e2db53e-d94c-427b-8c45-6f5fed0847bf,1772986275113000000,up,up,2,1077.0,300.0,1.0,0.019607844,5.0,5.0,1077.0,300.0
touch,9e2db53e-d94c-427b-8c45-6f5fed0847bf,1772986276426000000,down,down,0,557.0,885.0,1.0,0.019607844,5.0,5.0,557.0,885.0
touch,9e2db53e-d94c-427b-8c45-6f5fed0847bf,1772986276426000000,down,pointer_down,1,502.0,1041.0,1.0,0.019607844,5.0,5.0,502.0,1041.0
touch,9e2db53e-d94c-427b-8c45-6f5fed0847bf,1772986276439000000,move,move,0,557.0,885.0,1.0,0.019607844,5.0,5.0,557.0,885.0
touch,9e2db53e-d94c-427b-8c45-6f5fed0847bf,1772986276439000000,move,move,1,502.0,1041.0,1.0,0.043137256,11.0,11.0,502.0,1041.0
touch,9e2db53e-d94c-427b-8c45-6f5fed0847bf,1772986276455000000,move,move,0,557.0,885.0,1.0,0.019607844,5.0,5.0,557.0,885.0
touch,9e2db53e-d94c-427b-8c45-6f5fed0847bf,1772986276455000000,move,move,1,502.0,1041.0,1.0,0.043137256,11.0,11.0,502.0,1041.0
touch,9e2db53e-d94c-427b-8c45-6f5fed0847bf,1772986276484000000,move,move,0,557.0,885.0,1.0,0.019607844,5.0,5.0,557.0,885.0
touch,9e2db53e-d94c-427b-8c45-6f5fed0847bf,1772986276484000000,move,move,1,502.0,1041.0,1.0,0.043137256,11.0,11.0,502.0,1041.0
touch,9e2db53e-d94c-427b-8c45-6f5fed0847bf,1772986276500000000,move,move,0,557.0,885.0,1.0,0.019607844,5.0,5.0,557.0,885.0
touch,9e2db53e-d94c-427b-8c45-6f5fed0847bf,1772986276500000000,move,move,1,502.0,1041.0,1.0,0.043137256,11.0,11.0,502.0,1041.0
touch,9e2db53e-d94c-427b-8c45-6f5fed0847bf,1772986276517000000,move,move,0,557.0,885.0,1.0,0.019607844,5.0,5.0,557.0,885.0
touch,9e2db53e-d94c-427b-8c45-6f5fed0847bf,1772986276517000000,move,move,1,502.0,1041.0,1.0,0.043137256,11.0,11.0,502.0,1041.0
touch,9e2db53e-d94c-427b-8c45-6f5fed0847bf,1772986276527000000,move,move,0,557.0,885.0,1.0,0.019607844,5.0,5.0,557.0,885.0
touch,9e2db53e-d94c-427b-8c45-6f5fed0847bf,1772986276527000000,move,move,1,502.0,1041.0,1.0,0.043137256,11.0,11.0,502.0,1041.0
touch,9e2db53e-d94c-427b-8c45-6f5fed0847bf,1772986276550000000,move,move,0,557.0,885.0,1.0,0.019607844,5.0,5.0,557.0,885.0
touch,9e2db53e-d94c-427b-8c45-6f5fed0847bf,1772986276550000000,move,move,1,502.0,1041.0,1.0,0.04705883,12.0,12.0,502.0,1041.0
touch,9e2db53e-d94c-427b-8c45-6f5fed0847bf,1772986276567000000,move,move,0,557.0,885.0,1.0,0.019607844,5.0,5.0,557.0,885.0
touch,9e2db53e-d94c-427b-8c45-6f5fed0847bf,1772986276567000000,move,move,1,502.0,1041.0,1.0,0.043137256,11.0,11.0,502.0,1041.0
touch,9e2db53e-d94c-427b-8c45-6f5fed0847bf,1772986276583000000,move,move,0,546.0,969.3333,1.0,0.06666667,17.0,17.0,546.0,969.3333
touch,9e2db53e-d94c-427b-8c45-6f5fed0847bf,1772986276583000000,move,move,1,502.0,1041.0,1.0,0.043137256,11.0,11.0,502.0,1041.0
touch,9e2db53e-d94c-427b-8c45-6f5fed0847bf,1772986276585000000,move,move,0,546.0,972.0,1.0,0.06666667,17.0,17.0,546.0,972.0
touch,9e2db53e-d94c-427b-8c45-6f5fed0847bf,1772986276585000000,move,move,1,502.0,1041.0,1.0,0.019607844,5.0,5.0,502.0,1041.0
touch,9e2db53e-d94c-427b-8c45-6f5fed0847bf,1772986276594000000,up,pointer_up,1,502.0,1041.0,1.0,0.019607844,5.0,5.0,502.0,1041.0
touch,9e2db53e-d94c-427b-8c45-6f5fed0847bf,1772986276600000000,move,move,0,547.0,974.0,1.0,0.07450981,19.0,19.0,547.0,974.0
touch,9e2db53e-d94c-427b-8c45-6f5fed0847bf,1772986276617000000,move,move,0,548.42224,974.0,1.0,0.07450981,19.0,19.0,548.42224,974.0
touch,9e2db53e-d94c-427b-8c45-6f5fed0847bf,1772986276633000000,move,move,0,550.179,974.0,1.0,0.08235294,21.0,21.0,550.179,974.0
touch,9e2db53e-d94c-427b-8c45-6f5fed0847bf,1772986276650000000,move,move,0,551.96045,974.0,1.0,0.08627451,22.0,22.0,551.96045,974.0
touch,9e2db53e-d94c-427b-8c45-6f5fed0847bf,1772986276663000000,move,move,0,553.5,974.0,1.0,0.08627451,22.0,22.0,553.5,974.0
touch,9e2db53e-d94c-427b-8c45-6f5fed0847bf,1772986276683000000,move,move,0,554.60065,975.60065,1.0,0.08627451,22.0,22.0,554.60065,975.60065
touch,9e2db53e-d94c-427b-8c45-6f5fed0847bf,1772986276700000000,move,move,0,556.3527,977.3527,1.0,0.08627451,22.0,22.0,556.3527,977.3527
touch,9e2db53e-d94c-427b-8c45-6f5fed0847bf,1772986276717000000,move,move,0,557.0,979.0749,1.0,0.078431375,20.0,20.0,557.0,979.0749
touch,9e2db53e-d94c-427b-8c45-6f5fed0847bf,1772986276733000000,move,move,0,544.0,1062.0,1.0,0.050980397,13.0,13.0,544.0,1062.0
touch,9e2db53e-d94c-427b-8c45-6f5fed0847bf,1772986276733000000,down,pointer_down,1,590.0,842.0,1.0,0.019607844,5.0,5.0,590.0,842.0
touch,9e2db53e-d94c-427b-8c45-6f5fed0847bf,1772986276750000000,move,move,0,543.0,1076.2661,1.0,0.050980397,13.0,13.0,543.0,1076.2661
touch,9e2db53e-d94c-427b-8c45-6f5fed0847bf,1772986276750000000,move,move,1,590.0,842.0,1.0,0.019607844,5.0,5.0,590.0,842.0
touch,9e2db53e-d94c-427b-8c45-6f5fed0847bf,1772986276766000000,move,move,0,543.0,1077.78,1.0,0.050980397,13.0,13.0,543.0,1077.78
touch,9e2db53e-d94c-427b-8c45-6f5fed0847bf,1772986276766000000,move,move,1,590.0,842.0,1.0,0.019607844,5.0,5.0,590.0,842.0
touch,9e2db53e-d94c-427b-8c45-6f5fed0847bf,1772986276783000000,move,move,0,543.0,1079.2018,1.0,0.050980397,13.0,13.0,543.0,1079.2018
touch,9e2db53e-d94c-427b-8c45-6f5fed0847bf,1772986276783000000,move,move,1,590.0,842.0,1.0,0.019607844,5.0,5.0,590.0,842.0
touch,9e2db53e-d94c-427b-8c45-6f5fed0847bf,1772986276800000000,move,move,0,543.0,1083.2802,1.0,0.050980397,13.0,13.0,543.0,1083.2802
touch,9e2db53e-d94c-427b-8c45-6f5fed0847bf,1772986276800000000,move,move,1,590.0,842.0,1.0,0.019607844,5.0,5.0,590.0,842.0
touch,9e2db53e-d94c-427b-8c45-6f5fed0847bf,1772986276816000000,move,move,0,543.0,1086.8636,1.0,0.050980397,13.0,13.0,543.0,1086.8636
touch,9e2db53e-d94c-427b-8c45-6f5fed0847bf,1772986276816000000,move,move,1,590.0,842.0,1.0,0.019607844,5.0,5.0,590.0,842.0
touch,9e2db53e-d94c-427b-8c45-6f5fed0847bf,1772986276833000000,move,move,0,543.0,1090.3759,1.0,0.054901965,14.0,14.0,543.0,1090.3759
touch,9e2db53e-d94c-427b-8c45-6f5fed0847bf,1772986276833000000,move,move,1,590.0,842.0,1.0,0.019607844,5.0,5.0,590.0,842.0
touch,9e2db53e-d94c-427b-8c45-6f5fed0847bf,1772986276850000000,move,move,0,543.0,1095.3141,1.0,0.054901965,14.0,14.0,543.0,1095.3141
touch,9e2db53e-d94c-427b-8c45-6f5fed0847bf,1772986276850000000,move,move,1,590.0,842.0,1.0,0.019607844,5.0,5.0,590.0,842.0
touch,9e2db53e-d94c-427b-8c45-6f5fed0847bf,1772986276866000000,move,move,0,543.0,1100.9056,1.0,0.054901965,14.0,14.0,543.0,1100.9056
touch,9e2db53e-d94c-427b-8c45-6f5fed0847bf,1772986276866000000,move,move,1,590.0,842.0,1.0,0.019607844,5.0,5.0,590.0,842.0
touch,9e2db53e-d94c-427b-8c45-6f5fed0847bf,1772986276883000000,move,move,0,543.0,1105.294,1.0,0.054901965,14.0,14.0,543.0,1105.294
touch,9e2db53e-d94c-427b-8c45-6f5fed0847bf,1772986276883000000,move,move,1,590.0,842.0,1.0,0.019607844,5.0,5.0,590.0,842.0
touch,9e2db53e-d94c-427b-8c45-6f5fed0847bf,1772986276900000000,move,move,0,543.0,1110.6399,1.0,0.054901965,14.0,14.0,543.0,1110.6399
touch,9e2db53e-d94c-427b-8c45-6f5fed0847bf,1772986276900000000,move,move,1,590.0,842.0,1.0,0.019607844,5.0,5.0,590.0,842.0
touch,9e2db53e-d94c-427b-8c45-6f5fed0847bf,1772986276916000000,move,move,0,543.0,1117.6632,1.0,0.054901965,14.0,14.0,543.0,1117.6632
touch,9e2db53e-d94c-427b-8c45-6f5fed0847bf,1772986276916000000,move,move,1,594.9974,839.0026,1.0,0.019607844,5.0,5.0,594.9974,839.0026
touch,9e2db53e-d94c-427b-8c45-6f5fed0847bf,1772986276933000000,move,move,0,543.0,1124.4008,1.0,0.054901965,14.0,14.0,543.0,1124.4008
touch,9e2db53e-d94c-427b-8c45-6f5fed0847bf,1772986276933000000,move,move,1,602.33453,832.1323,1.0,0.019607844,5.0,5.0,602.33453,832.1323
touch,9e2db53e-d94c-427b-8c45-6f5fed0847bf,1772986276950000000,move,move,0,543.0,1129.9044,1.0,0.054901965,14.0,14.0,543.0,1129.9044
touch,9e2db53e-d94c-427b-8c45-6f5fed0847bf,1772986276950000000,move,move,1,610.2059,823.4927,1.0,0.019607844,5.0,5.0,610.2059,823.4927
touch,9e2db53e-d94c-427b-8c45-6f5fed0847bf,1772986276966000000,move,move,0,543.0,1135.1425,1.0,0.054901965,14.0,14.0,543.0,1135.1425
touch,9e2db53e-d94c-427b-8c45-6f5fed0847bf,1772986276966000000,move,move,1,619.2374,814.7626,1.0,0.019607844,5.0,5.0,619.2374,814.7626
touch,9e2db53e-d94c-427b-8c45-6f5fed0847bf,1772986276983000000,move,move,0,543.0,1140.4502,1.0,0.054901965,14.0,14.0,543.0,1140.4502
touch,9e2db53e-d94c-427b-8c45-6f5fed0847bf,1772986276983000000,move,move,1,629.0837,805.9163,1.0,0.019607844,5.0,5.0,629.0837,805.9163
touch,9e2db53e-d94c-427b-8c45-6f5fed0847bf,1772986277000000000,move,move,0,542.3888,1145.2224,1.0,0.054901965,14.0,14.0,542.3888,1145.2224
touch,9e2db53e-d94c-427b-8c45-6f5fed0847bf,1772986277000000000,move,move,1,638.05615,797.94385,1.0,0.019607844,5.0,5.0,638.05615,797.94385
touch,9e2db53e-d94c-427b-8c45-6f5fed0847bf,1772986277016000000,move,move,0,542.0,1148.9432,1.0,0.054901965,14.0,14.0,542.0,1148.9432
touch,9e2db53e-d94c-427b-8c45-6f5fed0847bf,1772986277016000000,move,move,1,647.35803,790.1136,1.0,0.019607844,5.0,5.0,647.35803,790.1136
touch,9e2db53e-d94c-427b-8c45-6f5fed0847bf,1772986277033000000,move,move,0,541.0,1152.4703,1.0,0.050980397,13.0,13.0,541.0,1152.4703
touch,9e2db53e-d94c-427b-8c45-6f5fed0847bf,1772986277033000000,move,move,1,656.17584,783.0593,1.0,0.019607844,5.0,5.0,656.17584,783.0593
touch,9e2db53e-d94c-427b-8c45-6f5fed0847bf,1772986277050000000,move,move,0,539.02264,1155.9547,1.0,0.04705883,12.0,12.0,539.02264,1155.9547
touch,9e2db53e-d94c-427b-8c45-6f5fed0847bf,1772986277050000000,move,move,1,662.9093,776.0907,1.0,0.019607844,5.0,5.0,662.9093,776.0907
touch,9e2db53e-d94c-427b-8c45-6f5fed0847bf,1772986277066000000,move,move,0,537.2276,1159.5448,1.0,0.050980397,13.0,13.0,537.2276,1159.5448
touch,9e2db53e-d94c-427b-8c45-6f5fed0847bf,1772986277066000000,move,move,1,670.08966,770.68274,1.0,0.019607844,5.0,5.0,670.08966,770.68274
touch,9e2db53e-d94c-427b-8c45-6f5fed0847bf,1772986277083000000,move,move,0,535.3661,1163.2678,1.0,0.050980397,13.0,13.0,535.3661,1163.2678
touch,9e2db53e-d94c-427b-8c45-6f5fed0847bf,1772986277083000000,move,move,1,677.5357,765.0982,1.0,0.019607844,5.0,5.0,677.5357,765.0982
touch,9e2db53e-d94c-427b-8c45-6f5fed0847bf,1772986277099000000,move,move,0,533.6142,1166.7716,1.0,0.050980397,13.0,13.0,533.6142,1166.7716
touch,9e2db53e-d94c-427b-8c45-6f5fed0847bf,1772986277099000000,move,move,1,684.5432,759.8426,1.0,0.019607844,5.0,5.0,684.5432,759.8426
touch,9e2db53e-d94c-427b-8c45-6f5fed0847bf,1772986277149000000,move,move,0,527.2097,1180.3708,1.0,0.043137256,11.0,11.0,527.2097,1180.3708
touch,9e2db53e-d94c-427b-8c45-6f5fed0847bf,1772986277149000000,move,move,1,706.16113,741.62915,1.0,0.019607844,5.0,5.0,706.16113,741.62915
touch,9e2db53e-d94c-427b-8c45-6f5fed0847bf,1772986277166000000,move,move,0,525.42957,1185.7112,1.0,0.050980397,13.0,13.0,525.42957,1185.7112
touch,9e2db53e-d94c-427b-8c45-6f5fed0847bf,1772986277166000000,move,move,1,713.2816,736.28876,1.0,0.019607844,5.0,5.0,713.2816,736.28876
touch,9e2db53e-d94c-427b-8c45-6f5fed0847bf,1772986277183000000,move,move,0,522.6475,1191.0574,1.0,0.050980397,13.0,13.0,522.6475,1191.0574
touch,9e2db53e-d94c-427b-8c45-6f5fed0847bf,1772986277183000000,move,move,1,720.4099,730.94257,1.0,0.019607844,5.0,5.0,720.4099,730.94257
touch,9e2db53e-d94c-427b-8c45-6f5fed0847bf,1772986277199000000,move,move,0,520.7763,1196.671,1.0,0.050980397,13.0,13.0,520.7763,1196.671
touch,9e2db53e-d94c-427b-8c45-6f5fed0847bf,1772986277199000000,move,move,1,727.8948,725.3289,1.0,0.019607844,5.0,5.0,727.8948,725.3289
touch,9e2db53e-d94c-427b-8c45-6f5fed0847bf,1772986277216000000,move,move,0,517.82855,1202.2572,1.0,0.050980397,13.0,13.0,517.82855,1202.2572
touch,9e2db53e-d94c-427b-8c45-6f5fed0847bf,1772986277216000000,move,move,1,735.3429,719.74286,1.0,0.019607844,5.0,5.0,735.3429,719.74286
touch,9e2db53e-d94c-427b-8c45-6f5fed0847bf,1772986277229000000,move,move,0,515.4181,1206.7457,1.0,0.043137256,11.0,11.0,515.4181,1206.7457
touch,9e2db53e-d94c-427b-8c45-6f5fed0847bf,1772986277229000000,move,move,1,739.7457,716.8362,1.0,0.019607844,5.0,5.0,739.7457,716.8362
touch,9e2db53e-d94c-427b-8c45-6f5fed0847bf,1772986277245000000,move,move,0,512.5866,1212.6536,1.0,0.043137256,11.0,11.0,512.5866,1212.6536
touch,9e2db53e-d94c-427b-8c45-6f5fed0847bf,1772986277245000000,move,move,1,744.2402,713.1732,1.0,0.019607844,5.0,5.0,744.2402,713.1732
touch,9e2db53e-d94c-427b-8c45-6f5fed0847bf,1772986277262000000,move,move,0,509.44363,1220.1127,1.0,0.043137256,11.0,11.0,509.44363,1220.1127
touch,9e2db53e-d94c-427b-8c45-6f5fed0847bf,1772986277262000000,move,move,1,748.55634,709.44366,1.0,0.019607844,5.0,5.0,748.55634,709.44366
touch,9e2db53e-d94c-427b-8c45-6f5fed0847bf,1772986277279000000,move,move,0,506.6946,1227.6108,1.0,0.050980397,13.0,13.0,506.6946,1227.6108
touch,9e2db53e-d94c-427b-8c45-6f5fed0847bf,1772986277279000000,move,move,1,752.3054,706.8473,1.0,0.019607844,5.0,5.0,752.3054,706.8473
touch,9e2db53e-d94c-427b-8c45-6f5fed0847bf,1772986277295000000,move,move,0,502.92172,1235.1565,1.0,0.050980397,13.0,13.0,502.92172,1235.1565
touch,9e2db53e-d94c-427b-8c45-6f5fed0847bf,1772986277295000000,move,move,1,756.07825,704.9609,1.0,0.019607844,5.0,5.0,756.07825,704.9609
touch,9e2db53e-d94c-427b-8c45-6f5fed0847bf,1772986277312000000,move,move,0,499.2164,1242.5671,1.0,0.050980397,13.0,13.0,499.2164,1242.5671
touch,9e2db53e-d94c-427b-8c45-6f5fed0847bf,1772986277312000000,move,move,1,759.78357,701.21643,1.0,0.019607844,5.0,5.0,759.78357,701.21643
touch,9e2db53e-d94c-427b-8c45-6f5fed0847bf,1772986277328000000,move,move,0,495.49112,1250.0177,1.0,0.050980397,13.0,13.0,495.49112,1250.0177
touch,9e2db53e-d94c-427b-8c45-6f5fed0847bf,1772986277328000000,move,move,1,763.50885,698.49115,1.0,0.019607844,5.0,5.0,763.50885,698.49115
touch,9e2db53e-d94c-427b-8c45-6f5fed0847bf,1772986277345000000,move,move,0,491.71542,1256.5691,1.0,0.050980397,13.0,13.0,491.71542,1256.5691
touch,9e2db53e-d94c-427b-8c45-6f5fed0847bf,1772986277345000000,move,move,1,767.9269,693.0731,1.0,0.019607844,5.0,5.0,767.9269,693.0731
touch,9e2db53e-d94c-427b-8c45-6f5fed0847bf,1772986277362000000,move,move,0,487.86975,1262.6953,1.0,0.04705883,12.0,12.0,487.86975,1262.6953
touch,9e2db53e-d94c-427b-8c45-6f5fed0847bf,1772986277362000000,move,move,1,774.2605,687.3046,1.0,0.019607844,5.0,5.0,774.2605,687.3046
touch,9e2db53e-d94c-427b-8c45-6f5fed0847bf,1772986277379000000,move,move,0,485.5444,1268.3668,1.0,0.04705883,12.0,12.0,485.5444,1268.3668
touch,9e2db53e-d94c-427b-8c45-6f5fed0847bf,1772986277379000000,move,move,1,781.8224,681.1776,1.0,0.019607844,5.0,5.0,781.8224,681.1776
touch,9e2db53e-d94c-427b-8c45-6f5fed0847bf,1772986277395000000,move,move,0,483.7052,1273.8844,1.0,0.04705883,12.0,12.0,483.7052,1273.8844
touch,9e2db53e-d94c-427b-8c45-6f5fed0847bf,1772986277395000000,move,move,1,789.1792,673.8208,1.0,0.019607844,5.0,5.0,789.1792,673.8208
touch,9e2db53e-d94c-427b-8c45-6f5fed0847bf,1772986277412000000,move,move,0,481.82037,1278.3593,1.0,0.04705883,12.0,12.0,481.82037,1278.3593
touch,9e2db53e-d94c-427b-8c45-6f5fed0847bf,1772986277412000000,move,move,1,796.71844,667.4611,1.0,0.019607844,5.0,5.0,796.71844,667.4611
touch,9e2db53e-d94c-427b-8c45-6f5fed0847bf,1772986277429000000,move,move,0,479.93585,1282.1283,1.0,0.04705883,12.0,12.0,479.93585,1282.1283
touch,9e2db53e-d94c-427b-8c45-6f5fed0847bf,1772986277429000000,move,move,1,804.25653,661.8076,1.0,0.019607844,5.0,5.0,804.25653,661.8076
touch,9e2db53e-d94c-427b-8c45-6f5fed0847bf,1772986277445000000,move,move,0,480.0,1283.9425,1.0,0.04705883,12.0,12.0,480.0,1283.9425
touch,9e2db53e-d94c-427b-8c45-6f5fed0847bf,1772986277445000000,move,move,1,811.76996,656.17255,1.0,0.019607844,5.0,5.0,811.76996,656.17255
touch,9e2db53e-d94c-427b-8c45-6f5fed0847bf,1772986277462000000,move,move,0,480.0,1285.8427,1.0,0.04705883,12.0,12.0,480.0,1285.8427
touch,9e2db53e-d94c-427b-8c45-6f5fed0847bf,1772986277462000000,move,move,1,818.528,651.31464,1.0,0.019607844,5.0,5.0,818.528,651.31464
touch,9e2db53e-d94c-427b-8c45-6f5fed0847bf,1772986277479000000,move,move,0,480.0,1287.72,1.0,0.04705883,12.0,12.0,480.0,1287.72
touch,9e2db53e-d94c-427b-8c45-6f5fed0847bf,1772986277479000000,move,move,1,824.1598,647.5601,1.0,0.019607844,5.0,5.0,824.1598,647.5601
touch,9e2db53e-d94c-427b-8c45-6f5fed0847bf,1772986277495000000,move,move,0,480.0,1289.0,1.0,0.04705883,12.0,12.0,480.0,1289.0
touch,9e2db53e-d94c-427b-8c45-6f5fed0847bf,1772986277495000000,move,move,1,829.7784,643.8144,1.0,0.019607844,5.0,5.0,829.7784,643.8144
touch,9e2db53e-d94c-427b-8c45-6f5fed0847bf,1772986277512000000,move,move,0,480.0,1289.0,1.0,0.04705883,12.0,12.0,480.0,1289.0
touch,9e2db53e-d94c-427b-8c45-6f5fed0847bf,1772986277512000000,move,move,1,834.9322,640.5339,1.0,0.019607844,5.0,5.0,834.9322,640.5339
touch,9e2db53e-d94c-427b-8c45-6f5fed0847bf,1772986277529000000,move,move,0,480.0,1289.0,1.0,0.04705883,12.0,12.0,480.0,1289.0
touch,9e2db53e-d94c-427b-8c45-6f5fed0847bf,1772986277529000000,move,move,1,838.6266,638.6867,1.0,0.019607844,5.0,5.0,838.6266,638.6867
touch,9e2db53e-d94c-427b-8c45-6f5fed0847bf,1772986277545000000,move,move,0,480.0,1289.0,1.0,0.04705883,12.0,12.0,480.0,1289.0
touch,9e2db53e-d94c-427b-8c45-6f5fed0847bf,1772986277545000000,move,move,1,842.3644,636.8178,1.0,0.019607844,5.0,5.0,842.3644,636.8178
touch,9e2db53e-d94c-427b-8c45-6f5fed0847bf,1772986277562000000,move,move,0,480.0,1290.0,1.0,0.04705883,12.0,12.0,480.0,1290.0
touch,9e2db53e-d94c-427b-8c45-6f5fed0847bf,1772986277562000000,move,move,1,845.0696,634.9304,1.0,0.019607844,5.0,5.0,845.0696,634.9304
touch,9e2db53e-d94c-427b-8c45-6f5fed0847bf,1772986277595000000,move,move,0,480.0,1292.8243,1.0,0.04705883,12.0,12.0,480.0,1292.8243
touch,9e2db53e-d94c-427b-8c45-6f5fed0847bf,1772986277595000000,move,move,1,848.82434,632.0,1.0,0.019607844,5.0,5.0,848.82434,632.0
touch,9e2db53e-d94c-427b-8c45-6f5fed0847bf,1772986277612000000,move,move,0,479.30484,1294.6952,1.0,0.04705883,12.0,12.0,479.30484,1294.6952
touch,9e2db53e-d94c-427b-8c45-6f5fed0847bf,1772986277612000000,move,move,1,849.0,632.0,1.0,0.019607844,5.0,5.0,849.0,632.0
touch,9e2db53e-d94c-427b-8c45-6f5fed0847bf,1772986277628000000,move,move,0,478.42365,1296.5764,1.0,0.04705883,12.0,12.0,478.42365,1296.5764
touch,9e2db53e-d94c-427b-8c45-6f5fed0847bf,1772986277628000000,move,move,1,849.0,632.0,1.0,0.019607844,5.0,5.0,849.0,632.0
touch,9e2db53e-d94c-427b-8c45-6f5fed0847bf,1772986277645000000,move,move,0,477.5524,1298.4476,1.0,0.04705883,12.0,12.0,477.5524,1298.4476
touch,9e2db53e-d94c-427b-8c45-6f5fed0847bf,1772986277645000000,move,move,1,849.0,632.0,1.0,0.019607844,5.0,5.0,849.0,632.0
touch,9e2db53e-d94c-427b-8c45-6f5fed0847bf,1772986277654000000,move,move,0,476.5,1299.5,1.0,0.04705883,12.0,12.0,476.5,1299.5
touch,9e2db53e-d94c-427b-8c45-6f5fed0847bf,1772986277654000000,move,move,1,849.0,632.0,1.0,0.019607844,5.0,5.0,849.0,632.0
touch,9e2db53e-d94c-427b-8c45-6f5fed0847bf,1772986277678000000,move,move,0,476.0,1301.1593,1.0,0.050980397,13.0,13.0,476.0,1301.1593
touch,9e2db53e-d94c-427b-8c45-6f5fed0847bf,1772986277678000000,move,move,1,849.0,632.0,1.0,0.019607844,5.0,5.0,849.0,632.0
touch,9e2db53e-d94c-427b-8c45-6f5fed0847bf,1772986277695000000,move,move,0,473.9613,1303.0387,1.0,0.050980397,13.0,13.0,473.9613,1303.0387
touch,9e2db53e-d94c-427b-8c45-6f5fed0847bf,1772986277695000000,move,move,1,849.0,632.0,1.0,0.019607844,5.0,5.0,849.0,632.0
touch,9e2db53e-d94c-427b-8c45-6f5fed0847bf,1772986277711000000,move,move,0,473.06534,1304.9347,1.0,0.050980397,13.0,13.0,473.06534,1304.9347
touch,9e2db53e-d94c-427b-8c45-6f5fed0847bf,1772986277711000000,move,move,1,849.0,632.0,1.0,0.019607844,5.0,5.0,849.0,632.0
touch,9e2db53e-d94c-427b-8c45-6f5fed0847bf,1772986277728000000,move,move,0,472.0,1306.7983,1.0,0.050980397,13.0,13.0,472.0,1306.7983
touch,9e2db53e-d94c-427b-8c45-6f5fed0847bf,1772986277728000000,move,move,1,850.0,632.0,1.0,0.019607844,5.0,5.0,850.0,632.0
touch,9e2db53e-d94c-427b-8c45-6f5fed0847bf,1772986277745000000,move,move,0,471.30948,1308.6906,1.0,0.050980397,13.0,13.0,471.30948,1308.6906
touch,9e2db53e-d94c-427b-8c45-6f5fed0847bf,1772986277745000000,move,move,1,851.6905,631.3095,1.0,0.019607844,5.0,5.0,851.6905,631.3095
touch,9e2db53e-d94c-427b-8c45-6f5fed0847bf,1772986277761000000,move,move,0,469.4401,1310.5599,1.0,0.050980397,13.0,13.0,469.4401,1310.5599
touch,9e2db53e-d94c-427b-8c45-6f5fed0847bf,1772986277761000000,move,move,1,853.55994,631.0,1.0,0.019607844,5.0,5.0,853.55994,631.0
touch,9e2db53e-d94c-427b-8c45-6f5fed0847bf,1772986277778000000,move,move,0,467.55536,1312.4446,1.0,0.050980397,13.0,13.0,467.55536,1312.4446
touch,9e2db53e-d94c-427b-8c45-6f5fed0847bf,1772986277778000000,move,move,1,855.44464,629.55536,1.0,0.019607844,5.0,5.0,855.44464,629.55536
touch,9e2db53e-d94c-427b-8c45-6f5fed0847bf,1772986277794000000,move,move,0,465.69656,1314.3035,1.0,0.050980397,13.0,13.0,465.69656,1314.3035
touch,9e2db53e-d94c-427b-8c45-6f5fed0847bf,1772986277794000000,move,move,1,857.6069,628.0,1.0,0.019607844,5.0,5.0,857.6069,628.0
touch,9e2db53e-d94c-427b-8c45-6f5fed0847bf,1772986277811000000,move,move,0,463.84604,1316.1539,1.0,0.054901965,14.0,14.0,463.84604,1316.1539
touch,9e2db53e-d94c-427b-8c45-6f5fed0847bf,1772986277811000000,move,move,1,861.3079,626.846,1.0,0.019607844,5.0,5.0,861.3079,626.846
touch,9e2db53e-d94c-427b-8c45-6f5fed0847bf,1772986277828000000,move,move,0,461.95578,1318.0442,1.0,0.054901965,14.0,14.0,461.95578,1318.0442
touch,9e2db53e-d94c-427b-8c45-6f5fed0847bf,1772986277828000000,move,move,1,865.08844,624.95575,1.0,0.019607844,5.0,5.0,865.08844,624.95575
touch,9e2db53e-d94c-427b-8c45-6f5fed0847bf,1772986277844000000,move,move,0,460.08887,1320.9111,1.0,0.054901965,14.0,14.0,460.08887,1320.9111
touch,9e2db53e-d94c-427b-8c45-6f5fed0847bf,1772986277844000000,move,move,1,868.82227,624.0,1.0,0.019607844,5.0,5.0,868.82227,624.0
touch,9e2db53e-d94c-427b-8c45-6f5fed0847bf,1772986277861000000,move,move,0,457.40582,1324.5942,1.0,0.050980397,13.0,13.0,457.40582,1324.5942
touch,9e2db53e-d94c-427b-8c45-6f5fed0847bf,1772986277861000000,move,move,1,872.5942,622.2029,1.0,0.019607844,5.0,5.0,872.5942,622.2029
touch,9e2db53e-d94c-427b-8c45-6f5fed0847bf,1772986277878000000,move,move,0,453.63306,1328.367,1.0,0.054901965,14.0,14.0,453.63306,1328.367
touch,9e2db53e-d94c-427b-8c45-6f5fed0847bf,1772986277878000000,move,move,1,876.36694,622.0,1.0,0.019607844,5.0,5.0,876.36694,622.0
touch,9e2db53e-d94c-427b-8c45-6f5fed0847bf,1772986277894000000,move,move,0,449.8724,1332.1276,1.0,0.04705883,12.0,12.0,449.8724,1332.1276
touch,9e2db53e-d94c-427b-8c45-6f5fed0847bf,1772986277894000000,move,move,1,877.5638,621.0,1.0,0.019607844,5.0,5.0,877.5638,621.0
touch,9e2db53e-d94c-427b-8c45-6f5fed0847bf,1772986277911000000,move,move,0,446.12567,1335.8744,1.0,0.04705883,12.0,12.0,446.12567,1335.8744
touch,9e2db53e-d94c-427b-8c45-6f5fed0847bf,1772986277911000000,move,move,1,879.4372,621.0,1.0,0.019607844,5.0,5.0,879.4372,621.0
touch,9e2db53e-d94c-427b-8c45-6f5fed0847bf,1772986277927000000,move,move,0,442.43707,1339.563,1.0,0.043137256,11.0,11.0,442.43707,1339.563
touch,9e2db53e-d94c-427b-8c45-6f5fed0847bf,1772986277927000000,move,move,1,881.2815,621.0,1.0,0.019607844,5.0,5.0,881.2815,621.0
touch,9e2db53e-d94c-427b-8c45-6f5fed0847bf,1772986277944000000,move,move,0,436.5164,1343.3224,1.0,0.043137256,11.0,11.0,436.5164,1343.3224
touch,9e2db53e-d94c-427b-8c45-6f5fed0847bf,1772986277944000000,move,move,1,883.1612,621.0,1.0,0.019607844,5.0,5.0,883.1612,621.0
touch,9e2db53e-d94c-427b-8c45-6f5fed0847bf,1772986277961000000,move,move,0,430.88327,1347.0779,1.0,0.043137256,11.0,11.0,430.88327,1347.0779
touch,9e2db53e-d94c-427b-8c45-6f5fed0847bf,1772986277961000000,move,move,1,885.03894,619.96106,1.0,0.019607844,5.0,5.0,885.03894,619.96106
touch,9e2db53e-d94c-427b-8c45-6f5fed0847bf,1772986277977000000,move,move,0,425.21335,1350.8578,1.0,0.043137256,11.0,11.0,425.21335,1350.8578
touch,9e2db53e-d94c-427b-8c45-6f5fed0847bf,1772986277977000000,move,move,1,885.03894,619.96106,1.0,0.019607844,5.0,5.0,885.03894,619.96106
touch,9e2db53e-d94c-427b-8c45-6f5fed0847bf,1772986277994000000,move,move,0,419.56384,1355.6241,1.0,0.04705883,12.0,12.0,419.56384,1355.6241
touch,9e2db53e-d94c-427b-8c45-6f5fed0847bf,1772986277994000000,move,move,1,886.0,620.0,1.0,0.019607844,5.0,5.0,886.0,620.0
touch,9e2db53e-d94c-427b-8c45-6f5fed0847bf,1772986278011000000,move,move,0,413.93774,1360.3749,1.0,0.04705883,12.0,12.0,413.93774,1360.3749
touch,9e2db53e-d94c-427b-8c45-6f5fed0847bf,1772986278011000000,move,move,1,886.0,620.0,1.0,0.019607844,5.0,5.0,886.0,620.0
touch,9e2db53e-d94c-427b-8c45-6f5fed0847bf,1772986278027000000,move,move,0,408.29364,1365.1376,1.0,0.043137256,11.0,11.0,408.29364,1365.1376
touch,9e2db53e-d94c-427b-8c45-6f5fed0847bf,1772986278027000000,move,move,1,886.0,620.0,1.0,0.019607844,5.0,5.0,886.0,620.0
touch,9e2db53e-d94c-427b-8c45-6f5fed0847bf,1772986278044000000,move,move,0,402.68143,1369.879,1.0,0.050980397,13.0,13.0,402.68143,1369.879
touch,9e2db53e-d94c-427b-8c45-6f5fed0847bf,1772986278044000000,move,move,1,886.0,620.0,1.0,0.019607844,5.0,5.0,886.0,620.0
touch,9e2db53e-d94c-427b-8c45-6f5fed0847bf,1772986278061000000,move,move,0,397.1547,1373.5635,1.0,0.054901965,14.0,14.0,397.1547,1373.5635
touch,9e2db53e-d94c-427b-8c45-6f5fed0847bf,1772986278061000000,move,move,1,886.0,620.0,1.0,0.019607844,5.0,5.0,886.0,620.0
touch,9e2db53e-d94c-427b-8c45-6f5fed0847bf,1772986278094000000,move,move,0,385.8777,1381.0815,1.0,0.050980397,13.0,13.0,385.8777,1381.0815
touch,9e2db53e-d94c-427b-8c45-6f5fed0847bf,1772986278094000000,move,move,1,886.0,620.0,1.0,0.019607844,5.0,5.0,886.0,620.0
touch,9e2db53e-d94c-427b-8c45-6f5fed0847bf,1772986278110000000,move,move,0,381.1418,1384.8582,1.0,0.050980397,13.0,13.0,381.1418,1384.8582
touch,9e2db53e-d94c-427b-8c45-6f5fed0847bf,1772986278110000000,move,move,1,886.0,620.0,1.0,0.019607844,5.0,5.0,886.0,620.0
touch,9e2db53e-d94c-427b-8c45-6f5fed0847bf,1772986278127000000,move,move,0,377.4065,1388.5935,1.0,0.050980397,13.0,13.0,377.4065,1388.5935
touch,9e2db53e-d94c-427b-8c45-6f5fed0847bf,1772986278127000000,move,move,1,886.0,620.0,1.0,0.019607844,5.0,5.0,886.0,620.0
touch,9e2db53e-d94c-427b-8c45-6f5fed0847bf,1772986278144000000,move,move,0,373.61298,1390.6935,1.0,0.050980397,13.0,13.0,373.61298,1390.6935
touch,9e2db53e-d94c-427b-8c45-6f5fed0847bf,1772986278144000000,move,move,1,886.0,620.0,1.0,0.019607844,5.0,5.0,886.0,620.0
touch,9e2db53e-d94c-427b-8c45-6f5fed0847bf,1772986278160000000,move,move,0,371.4247,1392.5753,1.0,0.050980397,13.0,13.0,371.4247,1392.5753
touch,9e2db53e-d94c-427b-8c45-6f5fed0847bf,1772986278160000000,move,move,1,886.0,620.0,1.0,0.019607844,5.0,5.0,886.0,620.0
touch,9e2db53e-d94c-427b-8c45-6f5fed0847bf,1772986278177000000,move,move,0,369.56696,1394.433,1.0,0.054901965,14.0,14.0,369.56696,1394.433
touch,9e2db53e-d94c-427b-8c45-6f5fed0847bf,1772986278177000000,move,move,1,886.0,620.0,1.0,0.019607844,5.0,5.0,886.0,620.0
touch,9e2db53e-d94c-427b-8c45-6f5fed0847bf,1772986278187000000,move,move,0,368.5,1395.5,1.0,0.054901965,14.0,14.0,368.5,1395.5
touch,9e2db53e-d94c-427b-8c45-6f5fed0847bf,1772986278187000000,move,move,1,886.0,620.0,1.0,0.019607844,5.0,5.0,886.0,620.0
touch,9e2db53e-d94c-427b-8c45-6f5fed0847bf,1772986278208000000,move,move,0,369.0,1396.4553,1.0,0.054901965,14.0,14.0,369.0,1396.4553
touch,9e2db53e-d94c-427b-8c45-6f5fed0847bf,1772986278208000000,move,move,1,886.0,620.0,1.0,0.019607844,5.0,5.0,886.0,620.0
touch,9e2db53e-d94c-427b-8c45-6f5fed0847bf,1772986278227000000,move,move,0,369.0,1396.4553,1.0,0.054901965,14.0,14.0,369.0,1396.4553
touch,9e2db53e-d94c-427b-8c45-6f5fed0847bf,1772986278227000000,move,move,1,886.0,620.0,1.0,0.019607844,5.0,5.0,886.0,620.0
touch,9e2db53e-d94c-427b-8c45-6f5fed0847bf,1772986278239000000,move,move,0,369.0,1396.4553,1.0,0.054901965,14.0,14.0,369.0,1396.4553
touch,9e2db53e-d94c-427b-8c45-6f5fed0847bf,1772986278239000000,move,move,1,886.0,620.0,1.0,0.019607844,5.0,5.0,886.0,620.0
touch,9e2db53e-d94c-427b-8c45-6f5fed0847bf,1772986278271000000,move,move,0,369.0,1397.0,1.0,0.054901965,14.0,14.0,369.0,1397.0
touch,9e2db53e-d94c-427b-8c45-6f5fed0847bf,1772986278271000000,move,move,1,886.0,620.0,1.0,0.019607844,5.0,5.0,886.0,620.0
touch,9e2db53e-d94c-427b-8c45-6f5fed0847bf,1772986278293000000,move,move,0,369.0,1397.0,1.0,0.050980397,13.0,13.0,369.0,1397.0
touch,9e2db53e-d94c-427b-8c45-6f5fed0847bf,1772986278293000000,move,move,1,886.0,620.0,1.0,0.019607844,5.0,5.0,886.0,620.0
touch,9e2db53e-d94c-427b-8c45-6f5fed0847bf,1772986278310000000,move,move,0,369.0,1397.0,1.0,0.050980397,13.0,13.0,369.0,1397.0
touch,9e2db53e-d94c-427b-8c45-6f5fed0847bf,1772986278310000000,move,move,1,887.421,620.0,1.0,0.019607844,5.0,5.0,887.421,620.0
touch,9e2db53e-d94c-427b-8c45-6f5fed0847bf,1772986278327000000,move,move,0,369.0,1397.0,1.0,0.050980397,13.0,13.0,369.0,1397.0
touch,9e2db53e-d94c-427b-8c45-6f5fed0847bf,1772986278327000000,move,move,1,887.0,618.85223,1.0,0.019607844,5.0,5.0,887.0,618.85223
