sensor_accelerometer,45520f8d-a40d-4e8f-855e-f2579cf51e17,1774521946364836573,-0.98932904,2.65704,8.523133
sensor_accelerometer,45520f8d-a40d-4e8f-855e-f2579cf51e17,1774521946374804409,-0.822109,2.6509051,8.655414
sensor_accelerometer,45520f8d-a40d-4e8f-855e-f2579cf51e17,1774521946384816989,-0.6816741,2.6619034,8.705093
sensor_accelerometer,45520f8d-a40d-4e8f-855e-f2579cf51e17,1774521946394807868,-0.5624878,2.691307,8.576479
sensor_accelerometer,45520f8d-a40d-4e8f-855e-f2579cf51e17,1774521946404820447,-0.47255555,2.7571478,8.393697
sensor_accelerometer,45520f8d-a40d-4e8f-855e-f2579cf51e17,1774521946414801764,-0.38501757,2.894889,8.240244
sensor_accelerometer,45520f8d-a40d-4e8f-855e-f2579cf51e17,1774521946424814344,-0.3438672,3.0425067,8.224906
sensor_accelerometer,45520f8d-a40d-4e8f-855e-f2579cf51e17,1774521946434803392,-0.35344404,3.174487,8.2941885
sensor_accelerometer,45520f8d-a40d-4e8f-855e-f2579cf51e17,1774521946444815971,-0.36556467,3.24347,8.507347
sensor_accelerometer,45520f8d-a40d-4e8f-855e-f2579cf51e17,1774521946454827439,-0.34917936,3.2527475,8.709133
sensor_accelerometer,45520f8d-a40d-4e8f-855e-f2579cf51e17,1774521946464840019,-0.239495,3.2076318,8.865355
sensor_accelerometer,45520f8d-a40d-4e8f-855e-f2579cf51e17,1774521946474835293,-0.15150808,3.122039,9.022998
sensor_accelerometer,45520f8d-a40d-4e8f-855e-f2579cf51e17,1774521946484847872,-0.09442133,3.0734816,9.186103
sensor_accelerometer,45520f8d-a40d-4e8f-855e-f2579cf51e17,1774521946494842332,-0.032995094,3.0491655,9.264289
sensor_accelerometer,45520f8d-a40d-4e8f-855e-f2579cf51e17,1774521946504854912,0.06696283,3.0109332,9.275886
sensor_accelerometer,45520f8d-a40d-4e8f-855e-f2579cf51e17,1774521946514827033,0.1830068,2.9777884,9.215881
sensor_accelerometer,45520f8d-a40d-4e8f-855e-f2579cf51e17,1774521946524838611,0.30503625,2.9435213,9.154679
sensor_accelerometer,45520f8d-a40d-4e8f-855e-f2579cf51e17,1774521946534852260,0.47278002,2.9290814,9.060183
sensor_accelerometer,45520f8d-a40d-4e8f-855e-f2579cf51e17,1774521946544864840,0.6690297,2.9158385,8.973019
sensor_accelerometer,45520f8d-a40d-4e8f-855e-f2579cf51e17,1774521946554861497,0.8320599,2.9204772,8.8806925
sensor_accelerometer,45520f8d-a40d-4e8f-855e-f2579cf51e17,1774521946564874076,0.9570073,2.9381344,8.768989
sensor_accelerometer,45520f8d-a40d-4e8f-855e-f2579cf51e17,1774521946574869838,1.0497826,2.9546692,8.659453
sensor_accelerometer,45520f8d-a40d-4e8f-855e-f2579cf51e17,1774521946584881417,1.1195886,2.9728503,8.586804
sensor_accelerometer,45520f8d-a40d-4e8f-855e-f2579cf51e17,1774521946594876512,1.1742811,3.047295,8.648604
sensor_accelerometer,45520f8d-a40d-4e8f-855e-f2579cf51e17,1774521946604889091,1.1579707,3.1765819,8.808642
sensor_accelerometer,45520f8d-a40d-4e8f-855e-f2579cf51e17,1774521946614864142,1.0922049,3.3199348,9.048362
sensor_accelerometer,45520f8d-a40d-4e8f-855e-f2579cf51e17,1774521946624876722,1.0482862,3.427973,9.223961
sensor_accelerometer,45520f8d-a40d-4e8f-855e-f2579cf51e17,1774521946634869676,1.0826281,3.4582746,9.272893
sensor_accelerometer,45520f8d-a40d-4e8f-855e-f2579cf51e17,1774521946644882255,1.1477205,3.44578,9.346141
sensor_accelerometer,45520f8d-a40d-4e8f-855e-f2579cf51e17,1774521946654897345,1.1766005,3.420641,9.462409
sensor_accelerometer,45520f8d-a40d-4e8f-855e-f2579cf51e17,1774521946664909925,1.1544541,3.4311154,9.546954
sensor_accelerometer,45520f8d-a40d-4e8f-855e-f2579cf51e17,1774521946674904181,1.0749217,3.4765306,9.533038
sensor_accelerometer,45520f8d-a40d-4e8f-855e-f2579cf51e17,1774521946684916760,1.023596,3.5181298,9.395072
sensor_accelerometer,45520f8d-a40d-4e8f-855e-f2579cf51e17,1774521946694910976,0.9641151,3.539079,9.215432
sensor_accelerometer,45520f8d-a40d-4e8f-855e-f2579cf51e17,1774521946704923556,0.9250597,3.5693805,9.031078
sensor_accelerometer,45520f8d-a40d-4e8f-855e-f2579cf51e17,1774521946714905850,0.8854057,3.6496613,8.941819
sensor_accelerometer,45520f8d-a40d-4e8f-855e-f2579cf51e17,1774521946724918429,0.8383447,3.7709424,8.903587
sensor_accelerometer,45520f8d-a40d-4e8f-855e-f2579cf51e17,1774521946734902716,0.79494977,3.9150436,8.871116
sensor_accelerometer,45520f8d-a40d-4e8f-855e-f2579cf51e17,1774521946744915296,0.78671974,3.9986908,8.887053
sensor_accelerometer,45520f8d-a40d-4e8f-855e-f2579cf51e17,1774521946754931525,0.8016835,4.024578,8.976536
sensor_accelerometer,45520f8d-a40d-4e8f-855e-f2579cf51e17,1774521946764944104,0.7926304,4.0471735,9.083751
sensor_accelerometer,45520f8d-a40d-4e8f-855e-f2579cf51e17,1774521946774924933,0.76075757,4.0579476,9.192163
sensor_accelerometer,45520f8d-a40d-4e8f-855e-f2579cf51e17,1774521946784936512,0.74556935,4.0759788,9.31973
sensor_accelerometer,45520f8d-a40d-4e8f-855e-f2579cf51e17,1774521946794945116,0.71474403,4.0547304,9.443929
sensor_accelerometer,45520f8d-a40d-4e8f-855e-f2579cf51e17,1774521946804957695,0.68100077,4.016872,9.466748
sensor_accelerometer,45520f8d-a40d-4e8f-855e-f2579cf51e17,1774521946814934414,0.69214875,3.9612067,9.392004
sensor_accelerometer,45520f8d-a40d-4e8f-855e-f2579cf51e17,1774521946824946994,0.7539491,3.9142206,9.245883
sensor_accelerometer,45520f8d-a40d-4e8f-855e-f2579cf51e17,1774521946834937385,0.86602765,3.8729954,9.084424
sensor_accelerometer,45520f8d-a40d-4e8f-855e-f2579cf51e17,1774521946844948963,0.9900024,3.8447886,8.924088
sensor_accelerometer,45520f8d-a40d-4e8f-855e-f2579cf51e17,1774521946854948533,1.0951228,3.8368578,8.751555
sensor_accelerometer,45520f8d-a40d-4e8f-855e-f2579cf51e17,1774521946864961113,1.1771243,3.8354363,8.636185
sensor_accelerometer,45520f8d-a40d-4e8f-855e-f2579cf51e17,1774521946874951260,1.2707225,3.8632689,8.58037
sensor_accelerometer,45520f8d-a40d-4e8f-855e-f2579cf51e17,1774521946884963839,1.3604302,3.884293,8.557924
sensor_accelerometer,45520f8d-a40d-4e8f-855e-f2579cf51e17,1774521946894979742,1.4341269,3.894169,8.59885
sensor_accelerometer,45520f8d-a40d-4e8f-855e-f2579cf51e17,1774521946904992322,1.4655507,3.8795793,8.692299
sensor_accelerometer,45520f8d-a40d-4e8f-855e-f2579cf51e17,1774521946914965176,1.5364041,3.858705,8.7740755
sensor_accelerometer,45520f8d-a40d-4e8f-855e-f2579cf51e17,1774521946924977755,1.5907974,3.7933881,8.807146
sensor_accelerometer,45520f8d-a40d-4e8f-855e-f2579cf51e17,1774521946934971686,1.5940146,3.7352538,8.83625
sensor_accelerometer,45520f8d-a40d-4e8f-855e-f2579cf51e17,1774521946944984266,1.5554829,3.727398,8.880319
sensor_accelerometer,45520f8d-a40d-4e8f-855e-f2579cf51e17,1774521946954979092,1.5084219,3.7569513,8.953865
sensor_accelerometer,45520f8d-a40d-4e8f-855e-f2579cf51e17,1774521946964991671,1.4449008,3.8389528,9.034071
sensor_accelerometer,45520f8d-a40d-4e8f-855e-f2579cf51e17,1774521946975029547,1.3837738,3.9161658,9.103578
sensor_accelerometer,45520f8d-a40d-4e8f-855e-f2579cf51e17,1774521946985041126,1.3390322,3.9589622,9.200842
sensor_accelerometer,45520f8d-a40d-4e8f-855e-f2579cf51e17,1774521946995014370,1.3406034,3.954024,9.300052
sensor_accelerometer,45520f8d-a40d-4e8f-855e-f2579cf51e17,1774521947005026949,1.3674632,3.9188592,9.362526
sensor_accelerometer,45520f8d-a40d-4e8f-855e-f2579cf51e17,1774521947015015875,1.422081,3.8723967,9.381156
sensor_accelerometer,45520f8d-a40d-4e8f-855e-f2579cf51e17,1774521947025028455,1.4849287,3.7998226,9.403602
sensor_accelerometer,45520f8d-a40d-4e8f-855e-f2579cf51e17,1774521947035028490,1.5408185,3.7603183,9.4042
sensor_accelerometer,45520f8d-a40d-4e8f-855e-f2579cf51e17,1774521947045040068,1.5935657,3.7490954,9.366416
sensor_accelerometer,45520f8d-a40d-4e8f-855e-f2579cf51e17,1774521947055035407,1.6291795,3.7548563,9.242292
sensor_accelerometer,45520f8d-a40d-4e8f-855e-f2579cf51e17,1774521947065047987,1.6077813,3.7470753,9.061978
sensor_accelerometer,45520f8d-a40d-4e8f-855e-f2579cf51e17,1774521947075042040,1.5709704,3.7489457,8.887426
sensor_accelerometer,45520f8d-a40d-4e8f-855e-f2579cf51e17,1774521947085054619,1.5052047,3.7559788,8.747291
sensor_accelerometer,45520f8d-a40d-4e8f-855e-f2579cf51e17,1774521947095027024,1.4288146,3.789273,8.611644
sensor_accelerometer,45520f8d-a40d-4e8f-855e-f2579cf51e17,1774521947105039604,1.3536218,3.8584805,8.48767
sensor_accelerometer,45520f8d-a40d-4e8f-855e-f2579cf51e17,1774521947115033657,1.2113912,3.8287027,8.345065
sensor_accelerometer,45520f8d-a40d-4e8f-855e-f2579cf51e17,1774521947125046236,1.0403554,3.714155,8.186225
sensor_accelerometer,45520f8d-a40d-4e8f-855e-f2579cf51e17,1774521947135062588,1.0592846,3.7239563,8.218472
sensor_accelerometer,45520f8d-a40d-4e8f-855e-f2579cf51e17,1774521947145075168,1.123554,3.708469,8.232088
sensor_accelerometer,45520f8d-a40d-4e8f-855e-f2579cf51e17,1774521947155055589,1.0879402,3.5833716,8.003667
sensor_accelerometer,45520f8d-a40d-4e8f-855e-f2579cf51e17,1774521947165068168,1.0633248,3.3823335,7.6982565
sensor_accelerometer,45520f8d-a40d-4e8f-855e-f2579cf51e17,1774521947175076748,0.95521164,3.253271,7.422923
sensor_accelerometer,45520f8d-a40d-4e8f-855e-f2579cf51e17,1774521947185089328,0.7504326,3.2261868,7.1844006
sensor_accelerometer,45520f8d-a40d-4e8f-855e-f2579cf51e17,1774521947195083340,0.51303256,3.2980876,7.055937
sensor_accelerometer,45520f8d-a40d-4e8f-855e-f2579cf51e17,1774521947205095919,0.282441,3.4171243,6.9868045
sensor_accelerometer,45520f8d-a40d-4e8f-855e-f2579cf51e17,1774521947215109869,0.09711481,3.5241902,6.930017
sensor_accelerometer,45520f8d-a40d-4e8f-855e-f2579cf51e17,1774521947225122449,0.024241293,3.60477,6.979098
sensor_accelerometer,45520f8d-a40d-4e8f-855e-f2579cf51e17,1774521947235075365,0.063296705,3.6356702,7.2023573
sensor_accelerometer,45520f8d-a40d-4e8f-855e-f2579cf51e17,1774521947245086943,0.09359832,3.6441994,7.456816
sensor_accelerometer,45520f8d-a40d-4e8f-855e-f2579cf51e17,1774521947255082037,0.107813895,3.632827,7.6241856
sensor_accelerometer,45520f8d-a40d-4e8f-855e-f2579cf51e17,1774521947265094617,0.18532617,3.6224272,7.787141
sensor_accelerometer,45520f8d-a40d-4e8f-855e-f2579cf51e17,1774521947275111091,0.21824645,3.5767877,7.9906483
sensor_accelerometer,45520f8d-a40d-4e8f-855e-f2579cf51e17,1774521947285123670,0.19550154,3.564218,8.154277
sensor_accelerometer,45520f8d-a40d-4e8f-855e-f2579cf51e17,1774521947295117356,0.12143092,3.5980363,8.178668
sensor_accelerometer,45520f8d-a40d-4e8f-855e-f2579cf51e17,1774521947305128935,0.051475335,3.5886838,7.9550343
sensor_accelerometer,45520f8d-a40d-4e8f-855e-f2579cf51e17,1774521947315110155,0.02252046,3.5042136,7.6295724
sensor_accelerometer,45520f8d-a40d-4e8f-855e-f2579cf51e17,1774521947325122734,-0.010923545,3.3883939,7.2696943
sensor_accelerometer,45520f8d-a40d-4e8f-855e-f2579cf51e17,1774521947335109300,-0.06254852,3.2837973,6.9454293
sensor_accelerometer,45520f8d-a40d-4e8f-855e-f2579cf51e17,1774521947345121880,-0.1806126,3.247585,6.76362
sensor_accelerometer,45520f8d-a40d-4e8f-855e-f2579cf51e17,1774521947355138272,-0.34671032,3.2518497,6.7972884
sensor_accelerometer,45520f8d-a40d-4e8f-855e-f2579cf51e17,1774521947365150851,-0.48564884,3.439495,7.2655044
sensor_accelerometer,45520f8d-a40d-4e8f-855e-f2579cf51e17,1774521947375145433,-0.58508307,3.711686,8.074744
sensor_accelerometer,45520f8d-a40d-4e8f-855e-f2579cf51e17,1774521947385158013,-0.6526444,3.8783076,8.721478
sensor_accelerometer,45520f8d-a40d-4e8f-855e-f2579cf51e17,1774521947395152106,-0.6071546,3.7987752,8.988656
sensor_accelerometer,45520f8d-a40d-4e8f-855e-f2579cf51e17,1774521947405164685,-0.42122987,3.54282,9.069386
sensor_accelerometer,45520f8d-a40d-4e8f-855e-f2579cf51e17,1774521947415136766,-0.21353287,3.2846951,8.944887
sensor_accelerometer,45520f8d-a40d-4e8f-855e-f2579cf51e17,1774521947425149346,-0.092251584,3.0732572,8.586655
sensor_accelerometer,45520f8d-a40d-4e8f-855e-f2579cf51e17,1774521947435143968,-0.063371524,3.029563,8.061726
sensor_accelerometer,45520f8d-a40d-4e8f-855e-f2579cf51e17,1774521947445156547,-0.02820669,3.0597897,7.9971576
sensor_accelerometer,45520f8d-a40d-4e8f-855e-f2579cf51e17,1774521947455173183,-7.48188E-5,3.2007484,8.600421
sensor_accelerometer,45520f8d-a40d-4e8f-855e-f2579cf51e17,1774521947465185763,-0.049530048,3.5025675,9.28434
sensor_accelerometer,45520f8d-a40d-4e8f-855e-f2579cf51e17,1774521947475179898,-0.13602059,3.7885249,9.81533
sensor_accelerometer,45520f8d-a40d-4e8f-855e-f2579cf51e17,1774521947485192477,-0.17477672,3.7484221,10.1891985
sensor_accelerometer,45520f8d-a40d-4e8f-855e-f2579cf51e17,1774521947495186082,-0.14230536,3.5170076,10.535235
sensor_accelerometer,45520f8d-a40d-4e8f-855e-f2579cf51e17,1774521947505197661,-0.14013562,3.2187798,10.751462
sensor_accelerometer,45520f8d-a40d-4e8f-855e-f2579cf51e17,1774521947515215338,-0.16168344,2.9704561,10.487127
sensor_accelerometer,45520f8d-a40d-4e8f-855e-f2579cf51e17,1774521947525227918,-0.15061025,2.804433,9.892617
sensor_accelerometer,45520f8d-a40d-4e8f-855e-f2579cf51e17,1774521947535181077,-0.12606968,2.7395654,9.623419
sensor_accelerometer,45520f8d-a40d-4e8f-855e-f2579cf51e17,1774521947545193657,-0.2311901,2.7703907,9.812486
sensor_accelerometer,45520f8d-a40d-4e8f-855e-f2579cf51e17,1774521947555207118,-0.4405331,2.921749,9.773057
sensor_accelerometer,45520f8d-a40d-4e8f-855e-f2579cf51e17,1774521947565219698,-0.60805243,3.0347254,9.246931
sensor_accelerometer,45520f8d-a40d-4e8f-855e-f2579cf51e17,1774521947575214240,-0.6510732,2.8957121,8.716465
sensor_accelerometer,45520f8d-a40d-4e8f-855e-f2579cf51e17,1774521947585226820,-0.6002713,2.5796027,8.486472
sensor_accelerometer,45520f8d-a40d-4e8f-855e-f2579cf51e17,1774521947595221156,-0.50704706,2.267683,8.328305
sensor_accelerometer,45520f8d-a40d-4e8f-855e-f2579cf51e17,1774521947605233736,-0.4103063,2.0867712,7.9195704
sensor_accelerometer,45520f8d-a40d-4e8f-855e-f2579cf51e17,1774521947615248379,-0.27615622,1.9705029,7.3217683
sensor_accelerometer,45520f8d-a40d-4e8f-855e-f2579cf51e17,1774521947625260959,-0.09554361,1.8591725,6.742072
sensor_accelerometer,45520f8d-a40d-4e8f-855e-f2579cf51e17,1774521947635234665,0.17200842,1.6764649,6.312762
sensor_accelerometer,45520f8d-a40d-4e8f-855e-f2579cf51e17,1774521947645247245,0.49365446,1.4618846,5.812299
sensor_accelerometer,45520f8d-a40d-4e8f-855e-f2579cf51e17,1774521947655242072,0.76337624,1.3503298,5.9150248
sensor_accelerometer,45520f8d-a40d-4e8f-855e-f2579cf51e17,1774521947665254652,0.89438397,1.2538135,6.0609965
sensor_accelerometer,45520f8d-a40d-4e8f-855e-f2579cf51e17,1774521947675248419,0.9068039,1.166051,6.109554
sensor_accelerometer,45520f8d-a40d-4e8f-855e-f2579cf51e17,1774521947685260999,0.9153332,1.0136452,6.018873
sensor_accelerometer,45520f8d-a40d-4e8f-855e-f2579cf51e17,1774521947695255581,1.0880898,0.9626187,6.194623
sensor_accelerometer,45520f8d-a40d-4e8f-855e-f2579cf51e17,1774521947705267160,1.310152,0.9597756,6.6555815
sensor_accelerometer,45520f8d-a40d-4e8f-855e-f2579cf51e17,1774521947715279750,1.4903158,0.9692776,7.1425023
sensor_accelerometer,45520f8d-a40d-4e8f-855e-f2579cf51e17,1774521947725292330,1.4788685,0.8833856,7.3629184
sensor_accelerometer,45520f8d-a40d-4e8f-855e-f2579cf51e17,1774521947735269375,1.4463223,0.79165775,7.3611226
sensor_accelerometer,45520f8d-a40d-4e8f-855e-f2579cf51e17,1774521947745281955,1.6727988,0.7249194,7.525275
sensor_accelerometer,45520f8d-a40d-4e8f-855e-f2579cf51e17,1774521947755276210,2.0881927,0.69327104,8.120085
sensor_accelerometer,45520f8d-a40d-4e8f-855e-f2579cf51e17,1774521947765287789,2.5873837,0.6417209,8.997335
sensor_accelerometer,45520f8d-a40d-4e8f-855e-f2579cf51e17,1774521947775282721,3.0268695,0.6260089,10.209549
sensor_accelerometer,45520f8d-a40d-4e8f-855e-f2579cf51e17,1774521947785295301,3.3262196,0.72888476,11.221848
sensor_accelerometer,45520f8d-a40d-4e8f-855e-f2579cf51e17,1774521947795289516,3.4832642,0.8830863,11.973702
sensor_accelerometer,45520f8d-a40d-4e8f-855e-f2579cf51e17,1774521947805302096,3.4419641,1.0916064,12.642881
sensor_accelerometer,45520f8d-a40d-4e8f-855e-f2579cf51e17,1774521947815276617,3.268609,1.1298387,13.182624
sensor_accelerometer,45520f8d-a40d-4e8f-855e-f2579cf51e17,1774521947825289197,3.158775,1.0633248,13.642311
sensor_accelerometer,45520f8d-a40d-4e8f-855e-f2579cf51e17,1774521947835303676,3.0590415,0.8904186,13.968072
sensor_accelerometer,45520f8d-a40d-4e8f-855e-f2579cf51e17,1774521947845316256,2.9798832,0.66962826,13.929989
sensor_accelerometer,45520f8d-a40d-4e8f-855e-f2579cf51e17,1774521947855310228,2.9288568,0.45033437,13.47539
sensor_accelerometer,45520f8d-a40d-4e8f-855e-f2579cf51e17,1774521947865322808,3.0122051,0.32202014,12.966996
sensor_accelerometer,45520f8d-a40d-4e8f-855e-f2579cf51e17,1774521947875317266,3.2604537,0.21458033,12.435409
sensor_accelerometer,45520f8d-a40d-4e8f-855e-f2579cf51e17,1774521947885329846,3.5273325,0.18794483,11.993978
sensor_accelerometer,45520f8d-a40d-4e8f-855e-f2579cf51e17,1774521947895325283,3.8354363,0.21121348,11.657517
sensor_accelerometer,45520f8d-a40d-4e8f-855e-f2579cf51e17,1774521947905337863,4.1983075,0.062024787,11.257088
sensor_accelerometer,45520f8d-a40d-4e8f-855e-f2579cf51e17,1774521947915312424,4.6128783,-0.24488194,10.726847
sensor_accelerometer,45520f8d-a40d-4e8f-855e-f2579cf51e17,1774521947925325004,4.9850273,-0.521936,10.303672
sensor_accelerometer,45520f8d-a40d-4e8f-855e-f2579cf51e17,1774521947935337584,5.3188686,-0.6827964,10.273295
sensor_accelerometer,45520f8d-a40d-4e8f-855e-f2579cf51e17,1774521947945350164,5.4478564,-0.7921067,10.682105
sensor_accelerometer,45520f8d-a40d-4e8f-855e-f2579cf51e17,1774521947955323818,5.463718,-0.7127987,10.846407
sensor_accelerometer,45520f8d-a40d-4e8f-855e-f2579cf51e17,1774521947965335397,5.604078,-0.41704002,10.874539
sensor_accelerometer,45520f8d-a40d-4e8f-855e-f2579cf51e17,1774521947975353481,5.7672577,-0.15465046,11.029713
sensor_accelerometer,45520f8d-a40d-4e8f-855e-f2579cf51e17,1774521947985366061,5.8056397,-0.1372925,11.329512
sensor_accelerometer,45520f8d-a40d-4e8f-855e-f2579cf51e17,1774521947995360032,5.739575,-0.3457377,11.456255
sensor_accelerometer,45520f8d-a40d-4e8f-855e-f2579cf51e17,1774521948005372612,5.5990653,-0.5294927,11.18354
sensor_accelerometer,45520f8d-a40d-4e8f-855e-f2579cf51e17,1774521948015344000,5.298593,-0.5312883,10.83683
sensor_accelerometer,45520f8d-a40d-4e8f-855e-f2579cf51e17,1774521948025355579,4.832322,-0.37439328,10.234763
sensor_accelerometer,45520f8d-a40d-4e8f-855e-f2579cf51e17,1774521948035372686,4.092813,-0.16160862,9.462259
sensor_accelerometer,45520f8d-a40d-4e8f-855e-f2579cf51e17,1774521948045385266,8.278925,-3.6707602,11.3624325
sensor_accelerometer,45520f8d-a40d-4e8f-855e-f2579cf51e17,1774521948055380255,2.0279636,-0.09606735,11.325472
sensor_accelerometer,45520f8d-a40d-4e8f-855e-f2579cf51e17,1774521948065392835,1.8252047,-0.5726631,9.833211
sensor_accelerometer,45520f8d-a40d-4e8f-855e-f2579cf51e17,1774521948075389939,6.0354085,-3.2624738,10.155156
sensor_accelerometer,45520f8d-a40d-4e8f-855e-f2579cf51e17,1774521948085402519,4.5072346,-1.8567783,9.938256
sensor_accelerometer,45520f8d-a40d-4e8f-855e-f2579cf51e17,1774521948095396246,6.3598976,2.3148189,2.9218986
sensor_accelerometer,45520f8d-a40d-4e8f-855e-f2579cf51e17,1774521948105408826,3.391312,2.2421699,6.216769
sensor_accelerometer,45520f8d-a40d-4e8f-855e-f2579cf51e17,1774521948115390468,4.2420764,0.008978256,12.240581
sensor_accelerometer,45520f8d-a40d-4e8f-855e-f2579cf51e17,1774521948125403048,4.88058,0.14619595,8.942194
sensor_accelerometer,45520f8d-a40d-4e8f-855e-f2579cf51e17,1774521948135409471,5.196091,1.8854338,1.066991
sensor_accelerometer,45520f8d-a40d-4e8f-855e-f2579cf51e17,1774521948145422051,3.9938278,-0.6728455,7.9827924
sensor_accelerometer,45520f8d-a40d-4e8f-855e-f2579cf51e17,1774521948155416306,3.1248822,0.75110596,4.0447044
sensor_accelerometer,45520f8d-a40d-4e8f-855e-f2579cf51e17,1774521948165427885,3.0916626,0.5402666,4.402114
sensor_accelerometer,45520f8d-a40d-4e8f-855e-f2579cf51e17,1774521948175426113,2.3565679,0.6713491,6.534674
sensor_accelerometer,45520f8d-a40d-4e8f-855e-f2579cf51e17,1774521948185438693,2.8225393,0.8098387,9.048586
sensor_accelerometer,45520f8d-a40d-4e8f-855e-f2579cf51e17,1774521948195427944,2.4232314,0.97466457,9.686341
sensor_accelerometer,45520f8d-a40d-4e8f-855e-f2579cf51e17,1774521948205440524,2.085275,0.7009025,10.237308
sensor_accelerometer,45520f8d-a40d-4e8f-855e-f2579cf51e17,1774521948215414638,2.4366987,-0.02880524,12.374432
sensor_accelerometer,45520f8d-a40d-4e8f-855e-f2579cf51e17,1774521948225426217,1.9223195,-1.047987,13.214796
sensor_accelerometer,45520f8d-a40d-4e8f-855e-f2579cf51e17,1774521948235441290,3.6254199,-3.0178912,22.940567
sensor_accelerometer,45520f8d-a40d-4e8f-855e-f2579cf51e17,1774521948245453870,2.6134956,-3.2151885,17.307384
sensor_accelerometer,45520f8d-a40d-4e8f-855e-f2579cf51e17,1774521948255448004,0.71953243,-1.5845126,3.9386864
sensor_accelerometer,45520f8d-a40d-4e8f-855e-f2579cf51e17,1774521948265460584,0.61860186,-1.2618191,1.4731075
sensor_accelerometer,45520f8d-a40d-4e8f-855e-f2579cf51e17,1774521948275454840,1.0824037,-1.0381109,4.1570826
sensor_accelerometer,45520f8d-a40d-4e8f-855e-f2579cf51e17,1774521948285467420,0.98207164,-0.5660791,4.693608
sensor_accelerometer,45520f8d-a40d-4e8f-855e-f2579cf51e17,1774521948295462531,0.50742114,-0.2527379,2.734777
sensor_accelerometer,45520f8d-a40d-4e8f-855e-f2579cf51e17,1774521948305475111,0.05701193,-0.010923545,0.22378305
sensor_accelerometer,45520f8d-a40d-4e8f-855e-f2579cf51e17,1774521948315446864,-1.3446435,7.411775,19.475634
sensor_accelerometer,45520f8d-a40d-4e8f-855e-f2579cf51e17,1774521948325459444,-0.3226187,0.7256676,3.4303672
sensor_accelerometer,45520f8d-a40d-4e8f-855e-f2579cf51e17,1774521948335475511,1.3604302,1.1069442,11.288062
sensor_accelerometer,45520f8d-a40d-4e8f-855e-f2579cf51e17,1774521948345488091,0.6714239,0.9790788,11.46456
sensor_accelerometer,45520f8d-a40d-4e8f-855e-f2579cf51e17,1774521948355482509,-0.35583824,-0.112377845,7.7958946
sensor_accelerometer,45520f8d-a40d-4e8f-855e-f2579cf51e17,1774521948365495089,-0.12891279,0.24518122,11.258434
sensor_accelerometer,45520f8d-a40d-4e8f-855e-f2579cf51e17,1774521948375489264,0.0350152,-0.011073183,9.012823
sensor_accelerometer,45520f8d-a40d-4e8f-855e-f2579cf51e17,1774521948385501844,-0.14634559,0.23859717,11.19035
sensor_accelerometer,45520f8d-a40d-4e8f-855e-f2579cf51e17,1774521948395496059,0.06748656,0.040551793,8.368932
sensor_accelerometer,45520f8d-a40d-4e8f-855e-f2579cf51e17,1774521948405508639,-0.12808979,0.17844285,10.798074
sensor_accelerometer,45520f8d-a40d-4e8f-855e-f2579cf51e17,1774521948415481126,-0.030376434,0.08125322,9.503709
sensor_accelerometer,45520f8d-a40d-4e8f-855e-f2579cf51e17,1774521948425492705,-0.04743512,0.14574704,9.741932
sensor_accelerometer,45520f8d-a40d-4e8f-855e-f2579cf51e17,1774521948435509975,-0.048931498,0.07212532,9.761684
sensor_accelerometer,45520f8d-a40d-4e8f-855e-f2579cf51e17,1774521948445522555,-0.061650693,0.16639702,10.222942
sensor_accelerometer,45520f8d-a40d-4e8f-855e-f2579cf51e17,1774521948455517422,-0.0350152,0.07324761,9.186103
sensor_accelerometer,45520f8d-a40d-4e8f-855e-f2579cf51e17,1774521948465530002,-0.06980594,0.15105917,10.354399
sensor_accelerometer,45520f8d-a40d-4e8f-855e-f2579cf51e17,1774521948475523647,-0.04504092,0.10003274,9.577555
sensor_accelerometer,45520f8d-a40d-4e8f-855e-f2579cf51e17,1774521948485535226,-0.048557404,0.13385084,9.736096
sensor_accelerometer,45520f8d-a40d-4e8f-855e-f2579cf51e17,1774521948495530402,-0.052822076,0.1137994,9.985766
sensor_accelerometer,45520f8d-a40d-4e8f-855e-f2579cf51e17,1774521948505542982,-0.048108492,0.12539631,9.840019
sensor_accelerometer,45520f8d-a40d-4e8f-855e-f2579cf51e17,1774521948515520798,-0.046013564,0.11058219,9.56072
sensor_accelerometer,45520f8d-a40d-4e8f-855e-f2579cf51e17,1774521948525533378,-0.073023155,0.14417583,10.146626
sensor_accelerometer,45520f8d-a40d-4e8f-855e-f2579cf51e17,1774521948535544521,-0.043918636,0.10497078,9.590649
sensor_accelerometer,45520f8d-a40d-4e8f-855e-f2579cf51e17,1774521948545557101,-0.05259762,0.12861352,9.804181
sensor_accelerometer,45520f8d-a40d-4e8f-855e-f2579cf51e17,1774521948555551316,-0.058882397,0.12719196,10.007165
sensor_accelerometer,45520f8d-a40d-4e8f-855e-f2579cf51e17,1774521948565563896,-0.058807578,0.112976395,9.674071
sensor_accelerometer,45520f8d-a40d-4e8f-855e-f2579cf51e17,1774521948575558030,-0.039205052,0.11267712,9.7649765
sensor_accelerometer,45520f8d-a40d-4e8f-855e-f2579cf51e17,1774521948585570610,-0.05169979,0.12711714,10.001254
sensor_accelerometer,45520f8d-a40d-4e8f-855e-f2579cf51e17,1774521948595564622,-0.03696049,0.11335049,9.60853
sensor_accelerometer,45520f8d-a40d-4e8f-855e-f2579cf51e17,1774521948605577202,-0.057086747,0.13923779,9.912668
sensor_accelerometer,45520f8d-a40d-4e8f-855e-f2579cf51e17,1774521948615571743,-0.05551555,0.112303026,9.848399
sensor_accelerometer,45520f8d-a40d-4e8f-855e-f2579cf51e17,1774521948625584323,-0.046088383,0.121655375,9.714623
sensor_accelerometer,45520f8d-a40d-4e8f-855e-f2579cf51e17,1774521948635578619,-0.054542907,0.11267712,9.880646
sensor_accelerometer,45520f8d-a40d-4e8f-855e-f2579cf51e17,1774521948645591199,-0.055590373,0.12674305,9.861418
sensor_accelerometer,45520f8d-a40d-4e8f-855e-f2579cf51e17,1774521948655585862,-0.043544542,0.10706571,9.686117
sensor_accelerometer,45520f8d-a40d-4e8f-855e-f2579cf51e17,1774521948665598442,-0.05746084,0.13736732,9.960478
sensor_accelerometer,45520f8d-a40d-4e8f-855e-f2579cf51e17,1774521948675593186,-0.052447982,0.10766426,9.748142
sensor_accelerometer,45520f8d-a40d-4e8f-855e-f2579cf51e17,1774521948685604765,-0.045415014,0.120982006,9.770812
sensor_accelerometer,45520f8d-a40d-4e8f-855e-f2579cf51e17,1774521948695599575,-0.058358666,0.12838906,9.9055605
sensor_accelerometer,45520f8d-a40d-4e8f-855e-f2579cf51e17,1774521948705612155,-0.047734395,0.12090719,9.762432
sensor_accelerometer,45520f8d-a40d-4e8f-855e-f2579cf51e17,1774521948715606044,-0.047884032,0.11514614,9.779192
sensor_accelerometer,45520f8d-a40d-4e8f-855e-f2579cf51e17,1774521948725618624,-0.056039285,0.120159,9.9164095
sensor_accelerometer,45520f8d-a40d-4e8f-855e-f2579cf51e17,1774521948735613287,-0.052223526,0.12292729,9.724125
sensor_accelerometer,45520f8d-a40d-4e8f-855e-f2579cf51e17,1774521948745624866,-0.05424363,0.120458275,9.832837
sensor_accelerometer,45520f8d-a40d-4e8f-855e-f2579cf51e17,1774521948755619838,-0.053046532,0.12202947,9.857976
sensor_accelerometer,45520f8d-a40d-4e8f-855e-f2579cf51e17,1774521948765632418,-0.051026423,0.11604396,9.745748
sensor_accelerometer,45520f8d-a40d-4e8f-855e-f2579cf51e17,1774521948775626797,-0.05761048,0.11694179,9.826926
sensor_accelerometer,45520f8d-a40d-4e8f-855e-f2579cf51e17,1774521948785639377,-0.05544073,0.11604396,9.857976
sensor_accelerometer,45520f8d-a40d-4e8f-855e-f2579cf51e17,1774521948795637050,-0.053420626,0.11492168,9.746944
sensor_accelerometer,45520f8d-a40d-4e8f-855e-f2579cf51e17,1774521948805649630,-0.04833295,0.12689269,9.867477
sensor_accelerometer,45520f8d-a40d-4e8f-855e-f2579cf51e17,1774521948815668667,-0.040851068,0.109534726,9.810316
sensor_accelerometer,45520f8d-a40d-4e8f-855e-f2579cf51e17,1774521948825681247,-0.05125088,0.11634324,9.770812
sensor_accelerometer,45520f8d-a40d-4e8f-855e-f2579cf51e17,1774521948835652960,-0.047285482,0.12202947,9.865084
sensor_accelerometer,45520f8d-a40d-4e8f-855e-f2579cf51e17,1774521948845665540,-0.050427873,0.11424831,9.80665
sensor_accelerometer,45520f8d-a40d-4e8f-855e-f2579cf51e17,1774521948855658860,-0.056188922,0.117615156,9.785102
sensor_accelerometer,45520f8d-a40d-4e8f-855e-f2579cf51e17,1774521948865671440,-0.048482586,0.12921207,9.8686
sensor_accelerometer,45520f8d-a40d-4e8f-855e-f2579cf51e17,1774521948875661749,-0.04070143,0.10796353,9.7780695
sensor_accelerometer,45520f8d-a40d-4e8f-855e-f2579cf51e17,1774521948885673328,-0.051624972,0.11432313,9.811439
sensor_accelerometer,45520f8d-a40d-4e8f-855e-f2579cf51e17,1774521948895660854,-0.06382044,0.117091425,9.848324
sensor_accelerometer,45520f8d-a40d-4e8f-855e-f2579cf51e17,1774521948905673434,-0.04309563,0.11881226,9.786374
sensor_accelerometer,45520f8d-a40d-4e8f-855e-f2579cf51e17,1774521948915653245,-0.040925886,0.12389994,9.817349
sensor_accelerometer,45520f8d-a40d-4e8f-855e-f2579cf51e17,1774521948925665825,-0.03995324,0.12180501,9.842488
sensor_accelerometer,45520f8d-a40d-4e8f-855e-f2579cf51e17,1774521948935661709,-0.037110128,0.11282676,9.785252
sensor_accelerometer,45520f8d-a40d-4e8f-855e-f2579cf51e17,1774521948945673288,-0.041150343,0.11222821,9.842564
sensor_accelerometer,45520f8d-a40d-4e8f-855e-f2579cf51e17,1774521948955670660,-0.05169979,0.121655375,9.825654
sensor_accelerometer,45520f8d-a40d-4e8f-855e-f2579cf51e17,1774521948965683240,-0.046612114,0.117615156,9.782783
sensor_accelerometer,45520f8d-a40d-4e8f-855e-f2579cf51e17,1774521948975673956,-0.047061026,0.1253215,9.838822
sensor_accelerometer,45520f8d-a40d-4e8f-855e-f2579cf51e17,1774521948985686536,-0.049230773,0.11552023,9.812635
sensor_accelerometer,45520f8d-a40d-4e8f-855e-f2579cf51e17,1774521948995731980,-0.049081136,0.11424831,9.799542
sensor_accelerometer,45520f8d-a40d-4e8f-855e-f2579cf51e17,1774521949005744560,-0.05169979,0.11813889,9.834108
sensor_accelerometer,45520f8d-a40d-4e8f-855e-f2579cf51e17,1774521949015691290,-0.055066638,0.11424831,9.799467
sensor_accelerometer,45520f8d-a40d-4e8f-855e-f2579cf51e17,1774521949025703870,-0.049155954,0.12741642,9.8089695
sensor_accelerometer,45520f8d-a40d-4e8f-855e-f2579cf51e17,1774521949035731573,-0.052971713,0.12300211,9.843611
sensor_accelerometer,45520f8d-a40d-4e8f-855e-f2579cf51e17,1774521949045744153,-0.050278235,0.11664251,9.801862
sensor_accelerometer,45520f8d-a40d-4e8f-855e-f2579cf51e17,1774521949055732265,-0.05633856,0.11911154,9.811364
sensor_accelerometer,45520f8d-a40d-4e8f-855e-f2579cf51e17,1774521949065744845,-0.056563016,0.11941081,9.840019
sensor_accelerometer,45520f8d-a40d-4e8f-855e-f2579cf51e17,1774521949075732428,-0.047734395,0.11305121,9.793557
sensor_accelerometer,45520f8d-a40d-4e8f-855e-f2579cf51e17,1774521949085745008,-0.04556465,0.11559505,9.81503
sensor_accelerometer,45520f8d-a40d-4e8f-855e-f2579cf51e17,1774521949095714809,-0.055141456,0.12292729,9.828049
sensor_accelerometer,45520f8d-a40d-4e8f-855e-f2579cf51e17,1774521949105727389,-0.056188922,0.12270284,9.801787
sensor_accelerometer,45520f8d-a40d-4e8f-855e-f2579cf51e17,1774521949115726609,-0.051624972,0.118213706,9.834108
sensor_accelerometer,45520f8d-a40d-4e8f-855e-f2579cf51e17,1774521949125739189,-0.051475335,0.11798925,9.813833
sensor_accelerometer,45520f8d-a40d-4e8f-855e-f2579cf51e17,1774521949135750047,-0.046686932,0.13347675,9.812486
sensor_accelerometer,45520f8d-a40d-4e8f-855e-f2579cf51e17,1774521949145761626,-0.052747257,0.11566987,9.818622
sensor_accelerometer,45520f8d-a40d-4e8f-855e-f2579cf51e17,1774521949155757004,-0.055216275,0.11320085,9.81503
sensor_accelerometer,45520f8d-a40d-4e8f-855e-f2579cf51e17,1774521949165769584,-0.05267244,0.11656769,9.79827
sensor_accelerometer,45520f8d-a40d-4e8f-855e-f2579cf51e17,1774521949175763963,-0.05169979,0.120533094,9.830518
sensor_accelerometer,45520f8d-a40d-4e8f-855e-f2579cf51e17,1774521949185776543,-0.04444237,0.11065701,9.806725
sensor_accelerometer,45520f8d-a40d-4e8f-855e-f2579cf51e17,1774521949195771165,-0.043245267,0.11185411,9.804331
sensor_accelerometer,45520f8d-a40d-4e8f-855e-f2579cf51e17,1774521949205778245,-0.057685297,0.120533094,9.832837
sensor_accelerometer,45520f8d-a40d-4e8f-855e-f2579cf51e17,1774521949215755906,-0.048033673,0.12389994,9.816153
sensor_accelerometer,45520f8d-a40d-4e8f-855e-f2579cf51e17,1774521949225768486,-0.04691139,0.11439795,9.8198185
sensor_accelerometer,45520f8d-a40d-4e8f-855e-f2579cf51e17,1774521949235784959,-0.04563947,0.121580556,9.822138
sensor_accelerometer,45520f8d-a40d-4e8f-855e-f2579cf51e17,1774521949245776170,-0.049155954,0.11783961,9.805453
sensor_accelerometer,45520f8d-a40d-4e8f-855e-f2579cf51e17,1774521949255791836,-0.04930559,0.120458275,9.824532
sensor_accelerometer,45520f8d-a40d-4e8f-855e-f2579cf51e17,1774521949265804416,-0.04444237,0.12270284,9.813758
sensor_accelerometer,45520f8d-a40d-4e8f-855e-f2579cf51e17,1774521949275798508,-0.051550154,0.11783961,9.805453
sensor_accelerometer,45520f8d-a40d-4e8f-855e-f2579cf51e17,1774521949285791835,-0.050353054,0.11671733,9.811439
sensor_accelerometer,45520f8d-a40d-4e8f-855e-f2579cf51e17,1774521949295805263,-0.051550154,0.11559505,9.812635
sensor_accelerometer,45520f8d-a40d-4e8f-855e-f2579cf51e17,1774521949305817843,-0.04556465,0.12023382,9.805453
sensor_accelerometer,45520f8d-a40d-4e8f-855e-f2579cf51e17,1774521949315791550,-0.059032034,0.118213706,9.841216
sensor_accelerometer,45520f8d-a40d-4e8f-855e-f2579cf51e17,1774521949325777431,-0.04683657,0.12861352,9.810092
sensor_accelerometer,45520f8d-a40d-4e8f-855e-f2579cf51e17,1774521949335819179,-0.042122986,0.11791443,9.813833
sensor_accelerometer,45520f8d-a40d-4e8f-855e-f2579cf51e17,1774521949345831759,-0.04818331,0.119261175,9.828123
